% GPS_time week, GPS_time sec, az[rad], age[s]
2312, 127542.950, 4.9093169868627555, 0.0
2312, 127543.000, 4.895278241393001, 0.0
2312, 127543.050, 4.89457564715315, 0.0
2312, 127543.100, 4.893625537530442, 0.0
2312, 127543.150, 4.895255569668047, 0.0
2312, 127543.200, 4.8956845790486705, 0.0
2312, 127543.250, 4.895894210023188, 0.0
2312, 127543.300, 4.895715608638826, 0.0
2312, 127543.350, 4.896339561408011, 0.0
2312, 127543.400, 4.89778964443534, 0.0
2312, 127543.450, 4.897645832992734, 0.0
2312, 127543.500, 4.898611820795831, 0.0
2312, 127543.550, 4.897455647164202, 0.0
2312, 127543.600, 4.8961766317645585, 0.0
2312, 127543.650, 4.89624237594553, 1.2
2312, 127543.700, 4.896029688787647, 1.0
2312, 127543.750, 4.894924468711837, 1.0
2312, 127543.800, 4.894096141261932, 1.2
2312, 127543.850, 4.8926038947243935, 1.1
2312, 127543.900, 4.891372199799379, 1.0
2312, 127543.950, 4.89205938091907, 1.0
2312, 127544.000, 4.891815821482627, 1.1
2312, 127544.050, 4.891674766906357, 1.1
2312, 127544.100, 4.890379417591236, 1.3
2312, 127544.150, 4.889182613200262, 1.1
2312, 127544.200, 4.889116374492128, 1.2
2312, 127544.250, 4.88930691634137, 1.2
2312, 127544.300, 4.88885993443784, 1.0
2312, 127544.350, 4.888300681043622, 1.1
2312, 127544.400, 4.88707420378762, 1.0
2312, 127544.450, 4.886870539799395, 1.0
2312, 127544.500, 4.888617638744629, 1.2
2312, 127544.550, 4.8904027030264245, 1.0
2312, 127544.600, 4.891610032355228, 1.1
2312, 127544.650, 4.891391014597892, 1.1
2312, 127544.700, 4.891379209258074, 1.1
2312, 127544.750, 4.8916263781279135, 1.1
2312, 127544.800, 4.892255704279416, 1.4
2312, 127544.850, 4.892116998891049, 1.0
2312, 127544.900, 4.892143564947842, 1.2
2312, 127544.950, 4.893058575505492, 0.0
2312, 127545.000, 4.892675943522365, 1.1
2312, 127545.050, 4.891973474258966, 1.2
2312, 127545.100, 4.8917509992206725, 1.0
2312, 127545.150, 4.892635484676486, 1.1
2312, 127545.200, 4.893289120731728, 1.2
2312, 127545.250, 4.894090568923476, 1.0
2312, 127545.300, 4.894538417805155, 1.1
2312, 127545.350, 4.8960624900179806, 1.0
2312, 127545.400, 4.896721879350405, 1.1
2312, 127545.450, 4.896633409836854, 1.0
2312, 127545.500, 4.896692814621968, 1.0
2312, 127545.550, 4.896934630626071, 1.1
2312, 127545.600, 4.897915028733317, 1.1
2312, 127545.650, 4.898293079103967, 1.4
2312, 127545.700, 4.898567539243452, 1.1
2312, 127545.750, 4.899320316352787, 1.1
2312, 127545.800, 4.8998852737342276, 1.0
2312, 127545.850, 4.900644181931305, 1.1
2312, 127545.900, 4.901183178936108, 1.0
2312, 127545.950, 4.9028368733370336, 1.2
2312, 127546.000, 4.903730679134325, 1.0
2312, 127546.050, 4.90460952262513, 1.0
2312, 127546.100, 4.905058744162963, 1.0
2312, 127546.150, 4.90610502827085, 1.0
2312, 127546.200, 4.906643838196983, 1.0
2312, 127546.250, 4.906350642450502, 1.0
2312, 127546.300, 4.906101988641293, 1.0
2312, 127546.350, 4.906090892439399, 1.0
2312, 127546.400, 4.9073572583712375, 1.4
2312, 127546.450, 4.908144301136913, 1.0
2312, 127546.500, 4.9081177116968515, 1.0
2312, 127546.550, 4.908203392210556, 1.1
2312, 127546.600, 4.907759431621816, 1.1
2312, 127546.650, 4.907955827259484, 1.0
2312, 127546.700, 4.909114972206074, 1.1
2312, 127546.750, 4.909492008168862, 1.1
2312, 127546.800, 4.909408992578535, 1.1
2312, 127546.850, 4.910326545601549, 1.1
2312, 127546.900, 4.911187648381216, 1.1
2312, 127546.950, 4.912019188894572, 1.1
2312, 127547.000, 4.912503734420531, 1.1
2312, 127547.050, 4.9126694943656295, 1.1
2312, 127547.100, 4.912874071683783, 1.1
2312, 127547.150, 4.913550792158186, 1.2
2312, 127547.200, 4.915194380229162, 1.4
2312, 127547.250, 4.916976073931478, 1.1
2312, 127547.300, 4.917675149378352, 1.1
2312, 127547.350, 4.917589003768832, 1.1
2312, 127547.400, 4.918086027823849, 1.2
2312, 127547.450, 4.918660005981557, 1.2
2312, 127547.500, 4.919838125840643, 1.0
2312, 127547.550, 4.920182157633211, 1.2
2312, 127547.600, 4.9207403596331, 1.1
2312, 127547.650, 4.921603929065644, 1.1
2312, 127547.700, 4.9222542354312875, 1.2
2312, 127547.750, 4.922172116404385, 1.2
2312, 127547.800, 4.922049298285337, 1.2
2312, 127547.850, 4.922271328054651, 1.1
2312, 127547.900, 4.922733338081852, 1.3
2312, 127547.950, 4.92368759320025, 1.4
2312, 127548.000, 4.924482313274103, 1.1
2312, 127548.050, 4.924096252876991, 1.1
2312, 127548.100, 4.922649743250409, 1.0
2312, 127548.150, 4.920707315253539, 1.0
2312, 127548.200, 4.919217448862966, 1.0
2312, 127548.250, 4.918504732079832, 1.0
2312, 127548.300, 4.918507836850901, 1.0
2312, 127548.350, 4.917932477635294, 1.0
2312, 127548.400, 4.91685934521841, 1.0
2312, 127548.450, 4.917440311695317, 1.0
2312, 127548.500, 4.91780711060809, 1.0
2312, 127548.550, 4.91760243354972, 1.0
2312, 127548.600, 4.918074095377795, 1.0
2312, 127548.650, 4.919246946417397, 1.0
2312, 127548.700, 4.9192831081484565, 1.3
2312, 127548.750, 4.919498270941583, 1.0
2312, 127548.800, 4.919992578608616, 1.0
2312, 127548.850, 4.919949616753247, 1.0
2312, 127548.900, 4.920862041563615, 1.0
2312, 127548.950, 4.921741261908046, 1.1
2312, 127549.000, 4.922158832021759, 1.0
2312, 127549.050, 4.922876502743026, 1.1
2312, 127549.100, 4.9227987535775775, 1.0
2312, 127549.150, 4.923409531638084, 1.0
2312, 127549.200, 4.924947485590106, 1.1
2312, 127549.250, 4.926700655359334, 1.1
2312, 127549.300, 4.92781669085973, 1.1
2312, 127549.350, 4.927740313548327, 1.1
2312, 127549.400, 4.927296958749072, 1.1
2312, 127549.450, 4.927208082397042, 1.1
2312, 127549.500, 4.927685232374505, 1.4
2312, 127549.550, 4.928763144341389, 1.1
2312, 127549.600, 4.9293600457352245, 1.1
2312, 127549.650, 4.92949631907131, 1.1
2312, 127549.700, 4.929361129280538, 1.1
2312, 127549.750, 4.930074679307568, 1.0
2312, 127549.800, 4.930203148709028, 1.1
2312, 127549.850, 4.93003829877614, 1.1
2312, 127549.900, 4.929707842698636, 1.1
2312, 127549.950, 4.929827185358276, 1.1
2312, 127550.000, 4.930427451910159, 1.0
2312, 127550.050, 4.930607509653703, 1.2
2312, 127550.100, 4.930742845135667, 1.0
2312, 127550.150, 4.9298350386011975, 1.0
2312, 127550.200, 4.929401032541615, 1.0
2312, 127550.250, 4.930286078623289, 1.0
2312, 127550.300, 4.931387706942514, 1.4
2312, 127550.350, 4.931507583364759, 1.0
2312, 127550.400, 4.931012974693973, 1.0
2312, 127550.450, 4.93088565581071, 1.0
2312, 127550.500, 4.931065412801571, 1.1
2312, 127550.550, 4.932151083851914, 1.0
2312, 127550.600, 4.933019794557647, 1.0
2312, 127550.650, 4.933918998771906, 1.1
2312, 127550.700, 4.933230126130418, 1.0
2312, 127550.750, 4.932758413791108, 1.1
2312, 127550.800, 4.932113805091628, 1.1
2312, 127550.850, 4.9310055678880715, 1.1
2312, 127550.900, 4.930818850887203, 1.1
2312, 127550.950, 4.930669689842148, 1.1
2312, 127551.000, 4.930423408577289, 1.1
2312, 127551.050, 4.930841448577876, 1.4
2312, 127551.100, 4.930729538653635, 1.0
2312, 127551.150, 4.929617854429702, 1.1
2312, 127551.200, 4.928626311040266, 1.1
2312, 127551.250, 4.9282397932444635, 1.1
2312, 127551.300, 4.927956513723235, 1.0
2312, 127551.350, 4.927442451311771, 1.1
2312, 127551.400, 4.926534317932447, 1.1
2312, 127551.450, 4.925731893711606, 1.1
2312, 127551.500, 4.925816876296806, 1.1
2312, 127551.550, 4.925475965776248, 1.1
2312, 127551.600, 4.925145990191552, 1.1
2312, 127551.650, 4.92469996609915, 1.1
2312, 127551.700, 4.923913595926872, 1.1
2312, 127551.750, 4.9232954129497095, 1.1
2312, 127551.800, 4.922442773104464, 1.1
2312, 127551.850, 4.9210849366578, 1.4
2312, 127551.900, 4.919581692057572, 1.1
2312, 127551.950, 4.919204152243205, 1.1
2312, 127552.000, 4.918580392085987, 1.1
2312, 127552.050, 4.917197780739999, 1.1
2312, 127552.100, 4.917056066036874, 1.1
2312, 127552.150, 4.915928814939379, 1.0
2312, 127552.200, 4.915845884803545, 1.1
2312, 127552.250, 4.915589776211958, 1.1
2312, 127552.300, 4.914379468175887, 1.1
2312, 127552.350, 4.913531444870913, 1.1
2312, 127552.400, 4.91239368373115, 1.1
2312, 127552.450, 4.910935256917843, 1.1
2312, 127552.500, 4.910252886669664, 1.1
2312, 127552.550, 4.91076046270652, 1.2
2312, 127552.600, 4.911482013776947, 1.4
2312, 127552.650, 4.911602136864451, 1.1
2312, 127552.700, 4.911415206026172, 1.1
2312, 127552.750, 4.911442736093748, 1.2
2312, 127552.800, 4.911323062305865, 1.1
2312, 127552.850, 4.91209832925508, 1.0
2312, 127552.900, 4.913104207851585, 1.1
2312, 127552.950, 4.913400240791697, 1.1
2312, 127553.000, 4.913639220395945, 1.0
2312, 127553.050, 4.914198400608003, 1.2
2312, 127553.100, 4.915974218008252, 1.2
2312, 127553.150, 4.917145305029793, 1.1
2312, 127553.200, 4.9170786102500195, 1.1
2312, 127553.250, 4.915861909412799, 1.1
2312, 127553.300, 4.914621617344055, 1.2
2312, 127553.350, 4.9143940339421235, 1.3
2312, 127553.400, 4.914258992469136, 1.4
2312, 127553.450, 4.914166492629063, 1.2
2312, 127553.500, 4.913805518603756, 1.1
2312, 127553.550, 4.912858492756049, 1.2
2312, 127553.600, 4.912285303974469, 1.2
2312, 127553.650, 4.912539059516252, 1.3
2312, 127553.700, 4.9125371455917906, 1.0
2312, 127553.750, 4.912510057213857, 1.2
2312, 127553.800, 4.911988621569462, 1.2
2312, 127553.850, 4.911869318312193, 1.0
2312, 127553.900, 4.912762510411898, 1.2
2312, 127553.950, 4.912869919590419, 1.2
2312, 127554.000, 4.911963885119003, 1.2
2312, 127554.050, 4.910747364221616, 1.2
2312, 127554.100, 4.909557294853569, 1.4
2312, 127554.150, 4.910025046897313, 1.0
2312, 127554.200, 4.91041221947478, 1.1
2312, 127554.250, 4.910278169705516, 1.2
2312, 127554.300, 4.910331112107675, 1.1
2312, 127554.350, 4.9108902776308, 1.1
2312, 127554.400, 4.910770470420332, 1.2
2312, 127554.450, 4.911076649651229, 1.2
2312, 127554.500, 4.911969048041888, 1.2
2312, 127554.550, 4.913125270223249, 1.3
2312, 127554.600, 4.913604312699582, 1.3
2312, 127554.650, 4.914173977327014, 1.3
2312, 127554.700, 4.914858616022775, 1.0
2312, 127554.750, 4.914970514036106, 1.1
2312, 127554.800, 4.915366037949847, 1.2
2312, 127554.850, 4.915404990609005, 1.1
2312, 127554.900, 4.914666432997847, 1.4
2312, 127554.950, 4.914629013438587, 1.1
2312, 127555.000, 4.91421915984438, 1.2
2312, 127555.050, 4.9140623332499, 1.2
2312, 127555.100, 4.914210172199364, 1.2
2312, 127555.150, 4.9145061916527215, 1.2
2312, 127555.200, 4.914390103603265, 1.2
2312, 127555.250, 4.914122619158922, 1.2
2312, 127555.300, 4.913524258490394, 1.3
2312, 127555.350, 4.913313670997109, 1.3
2312, 127555.400, 4.913449284819163, 1.4
2312, 127555.450, 4.914249688833531, 1.3
2312, 127555.500, 4.91455529295258, 1.2
2312, 127555.550, 4.91519349361287, 1.2
2312, 127555.600, 4.914847113556877, 1.4
2312, 127555.650, 4.914794224655279, 1.2
2312, 127555.700, 4.914891639165584, 1.3
2312, 127555.750, 4.914760154479982, 1.2
2312, 127555.800, 4.914363519539092, 1.2
2312, 127555.850, 4.914590911767959, 1.0
2312, 127555.900, 4.91527334046698, 1.0
2312, 127555.950, 4.916250543210636, 1.0
2312, 127556.000, 4.9162482980732936, 1.0
2312, 127556.050, 4.916889880644117, 1.0
2312, 127556.100, 4.917320273164646, 1.0
2312, 127556.150, 4.91808171898739, 1.0
2312, 127556.200, 4.918470909665328, 1.1
2312, 127556.250, 4.918470909665328, 1.1
2312, 127556.300, 4.919516593070092, 1.1
2312, 127556.350, 4.919871154672373, 1.1
2312, 127556.400, 4.92023348073909, 1.2
2312, 127556.450, 4.920465918672232, 1.2
2312, 127556.500, 4.920325429790817, 1.2
2312, 127556.550, 4.919063551987059, 1.2
2312, 127556.600, 4.91981818741964, 1.2
2312, 127556.650, 4.9208980308773445, 1.1
2312, 127556.700, 4.921543960526283, 1.3
2312, 127556.750, 4.920633659465828, 1.3
2312, 127556.800, 4.920545781034887, 1.3
2312, 127556.850, 4.9208826245204715, 1.3
2312, 127556.900, 4.9205287073745705, 1.3
2312, 127556.950, 4.920316704727581, 1.4
2312, 127557.000, 4.92055420485114, 1.3
2312, 127557.050, 4.92023947126349, 1.4
2312, 127557.100, 4.9200127750150315, 1.3
2312, 127557.150, 4.92010485700572, 1.4
2312, 127557.200, 4.920190005979698, 1.5
2312, 127557.250, 4.920360510499627, 1.4
2312, 127557.300, 4.920371664094004, 1.4
2312, 127557.350, 4.920304766826137, 1.3
2312, 127557.400, 4.920351248032581, 1.5
2312, 127557.450, 4.921024592411378, 1.4
2312, 127557.500, 4.921896272114192, 1.4
2312, 127557.550, 4.922098050571524, 1.5
2312, 127557.600, 4.922207867203943, 1.5
2312, 127557.650, 4.921401630614167, 1.5
2312, 127557.700, 4.920550880841875, 1.5
2312, 127557.750, 4.919545115831812, 1.6
2312, 127557.800, 4.92032942037143, 1.5
2312, 127557.850, 4.920935378117186, 1.5
2312, 127557.900, 4.920505683180094, 1.5
2312, 127557.950, 4.9208109431080445, 1.6
2312, 127558.000, 4.9207466752672735, 1.7
2312, 127558.050, 4.920923777315467, 1.5
2312, 127558.100, 4.92100002153249, 1.0
2312, 127558.150, 4.921349787719136, 1.0
2312, 127558.200, 4.921142388124748, 1.0
2312, 127558.250, 4.921536429316012, 1.1
2312, 127558.300, 4.921901995042775, 1.1
2312, 127558.350, 4.921788088819104, 1.1
2312, 127558.400, 4.922060954960629, 1.2
2312, 127558.450, 4.9220200537391126, 1.2
2312, 127558.500, 4.922042008648986, 1.2
2312, 127558.550, 4.922330863978042, 1.2
2312, 127558.600, 4.922542158931147, 1.3
2312, 127558.650, 4.92286138850872, 1.3
2312, 127558.700, 4.923571131880082, 1.3
2312, 127558.750, 4.923719326060965, 1.8
2312, 127558.800, 4.924267836114867, 1.3
2312, 127558.850, 4.9247083908786715, 1.3
2312, 127558.900, 4.924971733165972, 1.8
2312, 127558.950, 4.925810771128356, 1.6
2312, 127559.000, 4.926214398223227, 1.6
2312, 127559.050, 4.926510050421868, 1.6
2312, 127559.100, 4.926156383111787, 1.7
2312, 127559.150, 4.926658628842396, 1.7
2312, 127559.200, 4.9275745637945185, 1.7
2312, 127559.250, 4.928198200497768, 1.8
2312, 127559.300, 4.928559173078261, 1.7
2312, 127559.350, 4.927772909418623, 1.7
2312, 127559.400, 4.927919414310512, 1.6
2312, 127559.450, 4.929090527011577, 1.8
2312, 127559.500, 4.929711529270028, 1.9
2312, 127559.550, 4.929546706202116, 1.7
2312, 127559.600, 4.929030559548185, 1.6
2312, 127559.650, 4.927788408518136, 1.7
2312, 127559.700, 4.927122537261122, 1.6
2312, 127559.750, 4.927619096515883, 1.9
2312, 127559.800, 4.928532343432314, 1.6
2312, 127559.850, 4.929430906629082, 1.7
2312, 127559.900, 4.930659043152543, 1.7
2312, 127559.950, 4.930846855193356, 1.7
2312, 127560.000, 4.930463837512247, 1.8
2312, 127560.050, 4.930283387616164, 1.0
2312, 127560.100, 4.9306195769849355, 1.0
2312, 127560.150, 4.931606472555779, 1.0
2312, 127560.200, 4.932579768239787, 1.0
2312, 127560.250, 4.932730493780785, 1.8
2312, 127560.300, 4.932613440406003, 1.8
2312, 127560.350, 4.970824294797647, 5.1
2312, 127560.400, 4.9708294528862815, 5.1
2312, 127560.450, 4.97014866469657, 5.1
2312, 127560.500, 4.969888178049961, 5.1
2312, 127560.550, 4.969465924734084, 5.2
2312, 127560.600, 4.969214519669061, 5.2
2312, 127560.650, 4.969186302240869, 5.2
2312, 127560.700, 4.9689306938753495, 5.2
2312, 127560.750, 4.967951049943264, 5.3
2312, 127560.800, 4.96709382173093, 5.3
2312, 127560.850, 4.966546456545757, 5.3
2312, 127560.900, 4.965619806754369, 5.3
2312, 127560.950, 4.96525978352744, 5.3
2312, 127561.000, 4.9655732349446335, 5.4
2312, 127561.050, 4.965549955325146, 5.4
2312, 127561.100, 4.964922924997108, 5.4
2312, 127561.150, 4.964114996714549, 5.4
2312, 127561.200, 4.96380081812035, 5.5
2312, 127561.250, 4.963823972971701, 5.5
2312, 127561.300, 4.964274671046824, 5.5
2312, 127561.350, 4.965085664076179, 5.6
2312, 127561.400, 4.966640006590749, 5.7
2312, 127561.450, 4.967379711707685, 5.7
2312, 127561.500, 4.967981807804508, 5.7
2312, 127561.550, 4.96956601020468, 5.8
2312, 127561.600, 4.97144010361116, 5.8
2312, 127561.650, 4.97287150183227, 5.8
2312, 127561.700, 4.974830949170844, 5.8
2312, 127561.750, 4.976959700420123, 5.8
2312, 127561.800, 4.978763443539165, 5.8
2312, 127561.850, 4.981374043330602, 5.9
2312, 127561.900, 4.984953541518442, 5.9
2312, 127561.950, 4.989131266738734, 5.9
2312, 127562.000, 4.992397930409616, 5.9
2312, 127562.050, 4.991542751669996, 6.0
2312, 127562.100, 4.987285080694066, 6.0
2312, 127562.150, 4.981084220374296, 6.0
2312, 127562.200, 4.973087207486598, 6.1
2312, 127562.250, 4.964117586147478, 6.1
2312, 127562.300, 4.955875883209533, 6.2
2312, 127562.350, 4.949631641485679, 6.2
2312, 127562.400, 4.945557436255832, 6.3
2312, 127562.450, 4.942779067978859, 6.3
2312, 127562.500, 4.941250259747904, 6.4
2312, 127562.550, 4.941724378201887, 6.4
2312, 127562.600, 4.942353552123936, 6.5
2312, 127562.650, 4.941593575156318, 6.5
2312, 127562.700, 4.941250259747904, 6.6
2312, 127562.750, 4.942231382675158, 6.6
2312, 127562.800, 4.943869946754506, 6.7
2312, 127562.850, 4.946386771198592, 6.7
2312, 127562.900, 4.949328251214106, 6.7
2312, 127562.950, 4.953029079871705, 6.8
2312, 127563.000, 4.956711237992429, 6.8
2312, 127563.050, 4.9608845214405335, 6.9
2312, 127563.100, 4.964638920560196, 6.9
2312, 127563.150, 4.969230992932538, 7.0
2312, 127563.200, 4.974168772731553, 7.0
2312, 127563.250, 4.978838410939723, 7.1
2312, 127563.300, 4.983662390032259, 7.2
2312, 127563.350, 4.988041263899661, 7.2
2312, 127563.400, 4.99242254723008, 7.3
2312, 127563.450, 4.994356421485862, 7.3
2312, 127563.500, 4.993998424302991, 7.4
2312, 127563.550, 4.991403398394256, 7.5
2312, 127563.600, 4.988088338414312, 7.6
2312, 127563.650, 4.984045125919266, 7.6
2312, 127563.700, 4.98059099179881, 7.7
2312, 127563.750, 4.9759702552216645, 7.8
2312, 127563.800, 4.971705798688214, 7.9
2312, 127563.850, 4.966568430177026, 8.0
2312, 127563.900, 4.962533479777347, 8.1
2312, 127563.950, 4.959273715379368, 8.1
2312, 127564.000, 4.9558279811561565, 8.2
2312, 127564.050, 4.952586290586517, 8.3
2312, 127564.100, 4.949393367535265, 8.4
2312, 127564.150, 4.947834496373496, 8.5
2312, 127564.200, 4.947421951013231, 8.6
2312, 127564.250, 4.948022335784504, 8.7
2312, 127564.300, 4.949812211311865, 8.8
2312, 127564.350, 4.951147419376612, 8.9
2312, 127564.400, 4.951723689307257, 9.0
2312, 127564.450, 4.954178337389623, 9.1
2312, 127564.500, 4.957138075104201, 9.2
2312, 127564.550, 4.961434156040709, 9.3
2312, 127564.600, 4.963939995160134, 9.4
2312, 127564.650, 4.967224634527181, 9.5
2312, 127564.700, 4.968328689951146, 9.7
2312, 127564.750, 4.969476426669633, 9.8
2312, 127564.800, 4.970998468784384, 9.9
2312, 127564.850, 4.972735521067303, 10.0
2312, 127564.900, 4.97387935793414, 10.1
2312, 127564.950, 4.973258950179379, 10.2
2312, 127565.000, 4.970996083181418, 10.3
2312, 127565.050, 4.965488247344744, 10.5
2312, 127565.100, 4.960408607249184, 10.6
2312, 127565.150, 4.95508193320639, 10.7
2312, 127565.200, 4.9512161969434105, 10.8
2312, 127565.250, 4.948956605550431, 11.0
2312, 127565.300, 4.9498415926285775, 11.1
2312, 127565.350, 4.951298367112509, 11.2
2312, 127565.400, 4.952807220456431, 11.4
2312, 127565.450, 4.954317893737269, 11.5
2312, 127565.500, 4.955531435512815, 11.7
2312, 127565.550, 4.957597454602788, 11.8
2312, 127565.600, 4.961462304439563, 11.9
2312, 127565.650, 4.9665495090970415, 12.1
2312, 127565.700, 4.969872173426191, 12.2
2312, 127565.750, 4.973101496878451, 12.4
2312, 127565.800, 4.972875099467034, 12.6
2312, 127565.850, 4.97240427727969, 12.7
2312, 127565.900, 4.972018609792947, 19.7
2312, 127565.950, 4.971432417345295, 19.8
2312, 127566.000, 4.968857420644171, 14.5
2312, 127566.050, 4.966141368265436, 14.6
2312, 127566.100, 4.965219016795524, 14.7
2312, 127566.150, 4.96509731380279, 15.3
2312, 127566.200, 4.96496987652969, 15.4
2312, 127566.250, 4.963767519431572, 15.9
2312, 127566.300, 4.960584470264022, 16.0
2312, 127566.350, 4.958493795043024, 16.0
2312, 127566.400, 4.959689104852583, 16.1
2312, 127566.450, 4.959398191276909, 16.1
2312, 127566.500, 4.96070235395168, 16.1
2312, 127566.550, 4.961383126884938, 16.1
2312, 127566.600, 4.963444119290157, 16.1
2312, 127566.650, 4.9663322443740485, 17.4
2312, 127566.700, 4.967927998590123, 17.9
2312, 127566.750, 4.965246452017987, 3.3
2312, 127566.800, 4.961972262130907, 4.1
2312, 127566.850, 4.958739352871627, 4.5
2312, 127566.900, 4.9567399701701405, 4.9
2312, 127566.950, 4.953395354425151, 5.3
2312, 127567.000, 4.949058099846624, 5.7
2312, 127567.050, 4.941515763792582, 3.1
2312, 127567.100, 4.937267293906261, 3.4
2312, 127567.150, 4.933157003923089, 3.8
2312, 127567.200, 4.932340480736289, 4.0
2312, 127567.250, 4.931254091737186, 4.1
2312, 127567.300, 4.9290265614370705, 4.1
2312, 127567.350, 4.927793060523762, 4.1
2312, 127567.400, 4.925410012485565, 4.1
2312, 127567.450, 4.922005141316017, 4.2
2312, 127567.500, 4.921721052616412, 4.2
2312, 127567.550, 4.922748152766278, 4.2
2312, 127567.600, 4.920445117175715, 3.4
2312, 127567.650, 4.9203280205561315, 3.4
2312, 127567.700, 4.915840793751175, 3.4
2312, 127567.750, 4.9140626287886, 3.5
2312, 127567.800, 4.913506838323142, 3.5
2312, 127567.850, 4.912950383134762, 3.5
2312, 127567.900, 4.910193751178583, 3.0
2312, 127567.950, 4.9125754383580436, 3.1
2312, 127568.000, 4.917567498561894, 3.1
2312, 127568.050, 4.921775535963953, 3.2
2312, 127568.100, 4.924014334572071, 3.2
2312, 127568.150, 4.924698777151622, 3.2
2312, 127568.200, 4.924791813719743, 3.3
2312, 127568.250, 4.92508880191269, 3.3
2312, 127568.300, 4.925542841261311, 3.3
2312, 127568.350, 4.926614836673366, 3.4
2312, 127568.400, 4.92364149857903, 3.4
2312, 127568.450, 4.922533150550091, 3.6
2312, 127568.500, 4.916179054019677, 3.6
2312, 127568.550, 4.924624811373203, 2.1
2312, 127568.600, 4.923408900988607, 2.1
2312, 127568.650, 4.919821161732238, 1.3
2312, 127568.700, 4.916990029513477, 1.6
2312, 127568.750, 4.913116794406839, 1.3
2312, 127568.800, 4.9126217585285925, 1.5
2312, 127568.850, 4.912916386792251, 2.6
2312, 127568.900, 4.942665489985269, 6.9
2312, 127568.950, 4.944780705361972, 7.0
2312, 127569.000, 4.945015317279665, 7.1
2312, 127569.050, 4.948652724708167, 7.2
2312, 127569.100, 4.953481447842391, 7.3
2312, 127569.150, 4.959490351070109, 7.4
2312, 127569.200, 4.965649448158671, 7.5
2312, 127569.250, 4.971579678737522, 7.6
2312, 127569.300, 4.977681180803252, 7.8
2312, 127569.350, 4.984065460517396, 7.9
2312, 127569.400, 4.990866629623886, 8.0
2312, 127569.450, 4.997136723463257, 8.1
2312, 127569.500, 4.999388703968176, 8.2
2312, 127569.550, 5.001756986567096, 8.3
2312, 127569.600, 5.000083398847689, 8.4
2312, 127569.650, 4.996371477507366, 8.5
2312, 127569.700, 4.992652377347758, 8.6
2312, 127569.750, 4.987298821865362, 8.6
2312, 127569.800, 4.978302440015808, 8.7
2312, 127569.850, 4.968223482752181, 8.8
2312, 127569.900, 4.931894585875515, 3.7
2312, 127569.950, 4.929273366126903, 3.8
2312, 127570.000, 4.93111858562588, 3.9
2312, 127570.050, 4.930825405740359, 3.9
2312, 127570.100, 4.933559921625319, 4.0
2312, 127570.150, 4.935907037113926, 4.1
2312, 127570.200, 4.938296819448562, 4.2
2312, 127570.250, 4.939811658675805, 4.2
2312, 127570.300, 4.942082267642277, 4.3
2312, 127570.350, 4.9433887195263235, 4.4
2312, 127570.400, 4.945354374990583, 4.4
2312, 127570.450, 4.948187781090965, 4.5
2312, 127570.500, 4.9489508277191945, 4.6
2312, 127570.550, 4.949583855947212, 4.8
2312, 127570.600, 4.951744142557985, 4.9
2312, 127570.650, 4.9513891473413185, 4.9
2312, 127570.700, 4.947984480553693, 5.0
2312, 127570.750, 4.9450550425133, 5.1
2312, 127570.800, 4.943140047578784, 5.1
2312, 127570.850, 4.943112815590151, 5.2
2312, 127570.900, 4.943559545311321, 5.3
2312, 127570.950, 4.942941334099595, 5.4
2312, 127571.000, 4.943394379278752, 3.1
2312, 127571.050, 4.944786139304898, 3.2
2312, 127571.100, 4.945346710384966, 3.2
2312, 127571.150, 4.945549518885025, 3.2
2312, 127571.200, 4.947636361509202, 3.2
2312, 127571.250, 4.949482014988414, 3.2
2312, 127571.300, 4.951950529293938, 3.3
2312, 127571.350, 4.952907834268256, 3.3
2312, 127571.400, 4.952959099093345, 3.3
2312, 127571.450, 4.95201551196493, 3.4
2312, 127571.500, 4.9431280282815875, 3.3
2312, 127571.550, 4.9404625116892715, 3.3
2312, 127571.600, 4.937482877376936, 3.2
2312, 127571.650, 4.936800068355735, 3.3
2312, 127571.700, 4.937829900010905, 3.3
2312, 127571.750, 4.937330245435861, 3.4
2312, 127571.800, 4.935446070157319, 3.4
2312, 127571.850, 4.933807607093126, 3.4
2312, 127571.900, 4.933447251388923, 3.5
2312, 127571.950, 4.932915628039959, 3.5
2312, 127572.000, 4.933787535816641, 3.6
2312, 127572.050, 4.933541574656809, 3.6
2312, 127572.100, 4.932034150805638, 3.7
2312, 127572.150, 4.926701433322441, 3.8
2312, 127572.200, 4.920283959965685, 3.8
2312, 127572.250, 4.917029035899291, 3.9
2312, 127572.300, 4.916885679559763, 4.0
2312, 127572.350, 4.9185499211746215, 4.0
2312, 127572.400, 4.920161742971203, 4.1
2312, 127572.450, 4.922547175362631, 4.1
2312, 127572.500, 4.926761035741627, 4.2
2312, 127572.550, 4.9331006808155005, 4.3
2312, 127572.600, 4.940699275947244, 4.4
2312, 127572.650, 4.949081894713049, 4.5
2312, 127572.700, 4.957887973502505, 4.5
2312, 127572.750, 4.96864939533485, 4.4
2312, 127572.800, 4.973145576203137, 4.5
2312, 127572.850, 4.980034750424178, 4.5
2312, 127572.900, 4.984337247165503, 4.6
2312, 127572.950, 4.989333646625823, 4.7
2312, 127573.000, 4.996027196173416, 4.8
2312, 127573.050, 5.004443240279972, 4.8
2312, 127573.100, 5.0152143497414645, 4.9
2312, 127573.150, 5.026136305984905, 5.0
2312, 127573.200, 5.035251163397924, 3.2
2312, 127573.250, 5.040307816492444, 3.4
2312, 127573.300, 5.039124465266121, 3.9
2312, 127573.350, 5.039728550132027, 4.1
2312, 127573.400, 5.040342280132842, 3.9
2312, 127573.450, 5.031615143926441, 4.1
2312, 127573.500, 5.0251028389657195, 4.4
2312, 127573.550, 5.0201456821302015, 4.6
2312, 127573.600, 5.014528243667121, 4.9
2312, 127573.650, 5.009471983713572, 5.1
2312, 127573.700, 5.006427265701547, 5.3
2312, 127573.750, 5.008032388146821, 5.5
2312, 127573.800, 5.011674025605685, 5.8
2312, 127573.850, 5.01574007334254, 6.0
2312, 127573.900, 5.024103773498282, 6.3
2312, 127573.950, 5.036781430804405, 3.4
2312, 127574.000, 5.047178565046945, 3.5
2312, 127574.050, 5.056411142937343, 3.7
2312, 127574.100, 5.062557811914328, 3.8
2312, 127574.150, 5.069812976659989, 3.9
2312, 127574.200, 5.074627844842105, 4.1
2312, 127574.250, 5.08352047379053, 3.3
2312, 127574.300, 5.08238092518217, 3.5
2312, 127574.350, 5.083711761000522, 3.6
2312, 127574.400, 5.0803699165296745, 3.8
2312, 127574.450, 5.074141826772616, 4.0
2312, 127574.500, 5.06860863578084, 4.1
2312, 127574.550, 5.062971796341385, 4.3
2312, 127574.600, 5.058628866337381, 3.0
2312, 127574.650, 5.048804939702835, 3.2
2312, 127574.700, 5.04478645905714, 3.5
2312, 127574.750, 5.038247603481806, 3.8
2312, 127574.800, 5.035209526624774, 4.1
2312, 127574.850, 5.03150406667822, 4.4
2312, 127574.900, 5.026939320371553, 4.7
2312, 127574.950, 5.020853000017135, 5.0
2312, 127575.000, 5.015745829641277, 5.2
2312, 127575.050, 5.013191485398503, 5.3
2312, 127575.100, 5.012355491082866, 5.4
2312, 127575.150, 5.01165080813628, 5.5
2312, 127575.200, 5.0100935374873385, 5.6
2312, 127575.250, 5.009170447682748, 5.7
2312, 127575.300, 5.00669979212817, 5.8
2312, 127575.350, 5.005056495158227, 5.9
2312, 127575.400, 5.000478444396159, 6.0
2312, 127575.450, 4.995256849820695, 6.1
2312, 127575.500, 4.989905717685371, 6.2
2312, 127575.550, 4.986048301466781, 6.3
2312, 127575.600, 4.981184707236237, 6.4
2312, 127575.650, 4.974453136782026, 6.5
2312, 127575.700, 4.967761993943082, 6.5
2312, 127575.750, 4.96057320106231, 6.6
2312, 127575.800, 4.953449509447719, 6.6
2312, 127575.850, 4.948581450704898, 6.7
2312, 127575.900, 4.942873245783733, 6.8
2312, 127575.950, 4.938055117636959, 6.8
2312, 127576.000, 4.935147046791685, 6.9
2312, 127576.050, 4.933229084469982, 3.3
2312, 127576.100, 4.931006586285374, 3.6
2312, 127576.150, 4.9258237663083495, 3.8
2312, 127576.200, 4.919093052714757, 4.4
2312, 127576.250, 4.913196489149445, 4.6
2312, 127576.300, 4.907175499008, 4.9
2312, 127576.350, 4.900116003798045, 5.1
2312, 127576.400, 4.89175638831056, 5.3
2312, 127576.450, 4.881254652203901, 5.4
2312, 127576.500, 4.87249271746873, 5.6
2312, 127576.550, 4.864032632145356, 5.7
2312, 127576.600, 4.855544480963652, 5.9
2312, 127576.650, 4.843693445230162, 6.0
2312, 127576.700, 4.826777241743315, 6.1
2312, 127576.750, 4.806131376576468, 6.2
2312, 127576.800, 4.7823727421909155, 6.4
2312, 127576.850, 4.762782145185788, 6.5
2312, 127576.900, 4.7450364575799195, 6.5
2312, 127576.950, 4.730901420087246, 6.6
2312, 127577.000, 4.718905668844886, 6.7
2312, 127577.050, 4.7077506922778385, 6.7
2312, 127577.100, 4.697880944269609, 6.8
2312, 127577.150, 4.69215854458454, 6.8
2312, 127577.200, 4.692370823826904, 6.9
2312, 127577.250, 4.693626613546385, 5.4
2312, 127577.300, 4.696788895435889, 5.5
2312, 127577.350, 4.7005094931, 5.5
2312, 127577.400, 4.706949324156073, 5.6
2312, 127577.450, 4.71238898038469, 5.7
2312, 127577.500, 4.716032732343538, 5.7
2312, 127577.550, 4.717577808868173, 5.8
2312, 127577.600, 4.718730113307531, 5.9
2312, 127577.650, 4.721583673820106, 4.0
2312, 127577.700, 4.725752064246881, 4.1
2312, 127577.750, 4.725751422098944, 4.2
2312, 127577.800, 4.721652220880588, 4.3
2312, 127577.850, 4.7106687466808985, 4.3
2312, 127577.900, 4.6928788224952545, 4.4
2312, 127577.950, 4.669880503693383, 4.5
2312, 127578.000, 4.643578748118536, 4.5
2312, 127578.050, 4.61552597114792, 4.6
2312, 127578.100, 4.585030522453103, 4.7
2312, 127578.150, 4.553091489610361, 4.7
2312, 127578.200, 4.518440947393771, 4.8
2312, 127578.250, 4.48106360813912, 4.9
2312, 127578.300, 4.439263494970153, 7.2
2312, 127578.350, 4.399492924405367, 12.0
2312, 127578.400, 4.354629883037437, 4.2
2312, 127578.450, 4.32000128830188, 4.4
2312, 127578.500, 4.287911589129546, 4.6
2312, 127578.550, 4.259508059108933, 4.9
2312, 127578.600, 4.231650095527927, 5.1
2312, 127578.650, 4.204778480718191, 5.3
2312, 127578.700, 4.183019468166443, 5.6
2312, 127578.750, 4.166834529768264, 5.8
2312, 127578.800, 4.157890906353459, 6.0
2312, 127578.850, 4.1553969473476275, 6.3
2312, 127578.900, 4.15757756357039, 6.5
2312, 127578.950, 4.163316518666043, 6.8
2312, 127579.000, 4.174735344472365, 19.2
2312, 127579.050, 4.19310275942447, 19.5
2312, 127579.100, 4.21674791802846, 19.7
2312, 127579.150, 4.245001421598394, 19.8
2312, 127579.200, 4.277475371849599, 20.0
2312, 127579.250, 4.313730022159962, 20.3
2312, 127579.300, 4.353738947958721, 9.4
2312, 127579.350, 4.398862119426852, 9.8
2312, 127579.400, 4.4477376877763595, 4.1
2312, 127579.450, 4.499992543138989, 4.3
2312, 127579.500, 4.552496456427807, 4.6
2312, 127579.550, 4.604896562407433, 5.0
2312, 127579.600, 4.6541642364601055, 5.3
2312, 127579.650, 4.700279948298804, 5.5
2312, 127579.700, 4.742379985241568, 5.6
2312, 127579.750, 4.780661111187333, 5.7
2312, 127579.800, 4.8154643425380925, 5.9
2312, 127579.850, 4.84791669437019, 6.1
2312, 127579.900, 4.879362198131239, 6.3
2312, 127579.950, 4.910977253273163, 6.4
2312, 127580.000, 4.9423891701082425, 8.0
2312, 127580.050, 4.974254806686261, 8.3
2312, 127580.100, 5.006878128664596, 8.7
2312, 127580.150, 5.042074225161366, 31.0
2312, 127580.200, 5.075922571871491, 32.2
2312, 127580.250, 5.107537300203392, 33.4
2312, 127580.300, 5.1384254244287435, 34.4
2312, 127580.350, 5.16636513162477, 35.1
2312, 127580.400, 5.191194121023408, 35.9
2312, 127580.450, 5.211441529781239, 36.7
2312, 127580.500, 5.2283347952238675, 37.5
2312, 127580.550, 5.244971862267879, 38.2
2312, 127580.600, 5.260599823793109, 38.8
2312, 127580.650, 5.272680896382077, 3.7
2312, 127580.700, 5.283551305600858, 4.0
2312, 127580.750, 5.291105054421023, 4.3
2312, 127580.800, 5.296972745534731, 4.7
2312, 127580.850, 5.303014229648106, 5.4
2312, 127580.900, 5.3102549553271015, 5.8
2312, 127580.950, 5.3181124981288885, 6.2
2312, 127581.000, 5.326214045805529, 6.6
2312, 127581.050, 5.3339672454674805, 6.9
2312, 127581.100, 5.3410108767706586, 7.3
2312, 127581.150, 5.3472587154068805, 7.8
2312, 127581.200, 5.35586805934959, 8.2
2312, 127581.250, 5.368982083251438, 8.5
2312, 127581.300, 5.3863707955737805, 8.9
2312, 127581.350, 5.4078590958558985, 9.0
2312, 127581.400, 5.432470260298203, 3.9
2312, 127581.450, 5.461013345159853, 4.2
2312, 127581.500, 5.493792057006109, 4.5
2312, 127581.550, 5.525539650803509, 4.9
2312, 127581.600, 5.556112097125826, 5.2
2312, 127581.650, 5.586223405272335, 5.4
2312, 127581.700, 5.615791771312697, 5.7
2312, 127581.750, 5.643752375422194, 6.0
2312, 127581.800, 5.672561842859905, 6.3
2312, 127581.850, 5.698278475348905, 6.7
2312, 127581.900, 5.720773644981615, 7.0
2312, 127581.950, 5.741134053651724, 7.2
2312, 127582.000, 5.759348221835134, 7.4
2312, 127582.050, 5.778736055856376, 7.6
2312, 127582.100, 5.795438952964075, 7.8
2312, 127582.150, 5.810814876045546, 7.9
2312, 127582.200, 5.822295444344623, 8.1
2312, 127582.250, 5.834001491793806, 8.3
2312, 127582.300, 5.846843854223028, 8.3
2312, 127582.350, 5.857568040035189, 8.4
2312, 127582.400, 5.868132065599783, 8.4
2312, 127582.450, 5.8758396065205725, 8.3
2312, 127582.500, 5.884431991650916, 8.2
2312, 127582.550, 5.893866089090829, 8.2
2312, 127582.600, 5.905831467933236, 8.1
2312, 127582.650, 5.918009629701637, 8.1
2312, 127582.700, 5.930281876318988, 8.0
2312, 127582.750, 5.94276296890453, 7.9
2312, 127582.800, 5.952851967585744, 7.8
2312, 127582.850, 5.955197155519228, 7.6
2312, 127582.900, 5.955067460391847, 7.4
2312, 127582.950, 5.9758532163962474, 9.3
2312, 127583.000, 5.982341656738576, 9.5
2312, 127583.050, 5.978826140497025, 9.7
2312, 127583.100, 5.963667670710291, 3.1
2312, 127583.150, 5.936538194207422, 3.5
2312, 127583.200, 5.901320506674899, 3.8
2312, 127583.250, 5.865393718772471, 4.1
2312, 127583.300, 5.824468393134745, 4.5
2312, 127583.350, 5.782047209040383, 5.1
2312, 127583.400, 5.739565624092126, 5.7
2312, 127583.450, 5.702356731705073, 6.4
2312, 127583.500, 5.663520537542668, 7.1
2312, 127583.550, 5.627937308482012, 7.9
2312, 127583.600, 5.5898052644430765, 8.6
2312, 127583.650, 5.54719744419037, 3.6
2312, 127583.700, 5.5036318874387, 3.8
2312, 127583.750, 5.456599234621127, 4.0
2312, 127583.800, 5.4003399175796005, 4.3
2312, 127583.850, 5.341655684713676, 4.6
2312, 127583.900, 5.282874605704318, 5.1
2312, 127583.950, 5.2242673128328985, 5.4
2312, 127584.000, 5.164506749033274, 5.5
2312, 127584.050, 5.098654819543323, 5.7
2312, 127584.100, 5.036865197423784, 5.9
2312, 127584.150, 4.974673324742052, 6.3
2312, 127584.200, 4.919754557546001, 6.6
2312, 127584.250, 4.922667981539884, 6.8
2312, 127584.300, 4.885630072606441, 7.0
2312, 127584.350, 4.8346755092454945, 8.4
2312, 127584.400, 4.761748055408594, 8.6
2312, 127584.450, 4.679205745410307, 8.8
2312, 127584.500, 4.598065900059996, 9.1
2312, 127584.550, 4.538657090686623, 4.8
2312, 127584.600, 4.479625120293804, 5.6
2312, 127584.650, 4.419876767887912, 6.9
2312, 127584.700, 4.374057266723752, 7.8
2312, 127584.750, 4.330256310089974, 23.1
2312, 127584.800, 4.298722317470011, 23.5
2312, 127584.850, 4.273974926377695, 24.0
2312, 127584.900, 4.272575638190016, 24.6
2312, 127584.950, 4.300139237288745, 6.1
2312, 127585.000, 4.317735659671596, 8.4
2312, 127585.050, 4.335076578541174, 10.9
2312, 127585.100, 4.3494268524708986, 13.1
2312, 127585.150, 4.364539750331445, 4.8
2312, 127585.200, 4.388554382845149, 5.1
2312, 127585.250, 4.416086560129113, 5.3
2312, 127585.300, 4.4421938388256805, 5.5
2312, 127585.350, 4.462673836868881, 5.5
2312, 127585.400, 4.47047887244373, 5.4
2312, 127585.450, 4.4643787111273925, 7.4
2312, 127585.500, 4.443331718443266, 7.4
2312, 127585.550, 4.415157618502079, 4.1
2312, 127585.600, 4.381209778161215, 4.0
2312, 127585.650, 4.3531346796992265, 3.8
2312, 127585.700, 4.333407390798476, 3.9
2312, 127585.750, 4.308722953299647, 3.8
2312, 127585.800, 4.288739549025034, 3.7
2312, 127585.850, 4.281165977789063, 3.7
2312, 127585.900, 4.277079635491781, 3.7
2312, 127585.950, 4.273926631726791, 3.6
2312, 127586.000, 4.268982876191494, 3.6
2312, 127586.050, 4.264737761535891, 4.2
2312, 127586.100, 4.258126761330789, 4.3
2312, 127586.150, 4.254878394845863, 4.4
2312, 127586.200, 4.249808290545172, 4.2
2312, 127586.250, 4.240702376284368, 9.1
2312, 127586.300, 4.237596322020988, 9.2
2312, 127586.350, 4.237152799036103, 9.2
2312, 127586.400, 4.253279427751709, 9.1
2312, 127586.450, 4.274414281993728, 9.2
2312, 127586.500, 4.301410452033494, 9.2
2312, 127586.550, 4.338434352052104, 9.3
2312, 127586.600, 4.387072420879967, 10.8
2312, 127586.650, 4.424470762511419, 11.0
2312, 127586.700, 4.430593284865339, 3.3
2312, 127586.750, 4.416451806249029, 3.4
2312, 127586.800, 4.401292974073799, 3.4
2312, 127586.850, 4.370945313356559, 3.4
2312, 127586.900, 4.3261768325629015, 3.3
2312, 127586.950, 4.286686657061878, 3.3
2312, 127587.000, 4.250666296821587, 3.2
2312, 127587.050, 4.226815710841566, 3.2
2312, 127587.100, 4.230266016287269, 3.1
2312, 127587.150, 4.240939913611405, 2.9
2312, 127587.200, 4.268709668298496, 3.2
2312, 127587.250, 4.309027002649574, 3.2
2312, 127587.300, 4.35724374253822, 3.2
2312, 127587.350, 4.397377012619513, 3.1
2312, 127587.400, 4.444964772772421, 3.1
2312, 127587.450, 4.491670113573987, 3.1
2312, 127587.500, 4.542521941694488, 4.2
2312, 127587.550, 4.575147279909193, 4.3
2312, 127587.600, 4.582316723308476, 4.4
2312, 127587.650, 4.578273630190187, 4.6
2312, 127587.700, 4.571229560556285, 4.7
2312, 127587.750, 4.548481050204847, 4.8
2312, 127587.800, 4.5223913499458295, 5.1
2312, 127587.850, 4.506554802280564, 4.9
2312, 127587.900, 4.495652482501598, 5.0
2312, 127587.950, 4.496600665303592, 4.3
2312, 127588.000, 4.498701241062055, 4.4
2312, 127588.050, 4.5022187035359025, 4.4
2312, 127588.100, 4.5157605082764745, 4.6
2312, 127588.150, 4.539731741942113, 4.6
2312, 127588.200, 4.566692849136464, 4.8
2312, 127588.250, 4.586625095098247, 5.0
2312, 127588.300, 4.600084453414681, 5.1
2312, 127588.350, 4.604393041573861, 3.3
2312, 127588.400, 4.618721089314166, 3.4
2312, 127588.450, 4.620447053347048, 3.6
2312, 127588.500, 4.6319594920005365, 3.7
2312, 127588.550, 4.653546688943839, 4.9
2312, 127588.600, 4.677862624927348, 5.1
2312, 127588.650, 4.708693847087104, 5.3
2312, 127588.700, 4.74129123388495, 5.5
2312, 127588.750, 4.776878685215328, 5.8
2312, 127588.800, 4.818081265016923, 3.7
2312, 127588.850, 4.859996141831685, 3.0
2312, 127588.900, 4.907301684487878, 3.4
2312, 127588.950, 4.954623413298238, 3.8
2312, 127589.000, 5.004187729027368, 4.1
2312, 127589.050, 5.05383632855875, 4.6
2312, 127589.100, 5.108509168242895, 4.7
2312, 127589.150, 5.163705147022744, 4.8
2312, 127589.200, 5.213199479742402, 4.9
2312, 127589.250, 5.268430756547527, 4.9
2312, 127589.300, 5.332149030923561, 3.1
2312, 127589.350, 5.387547424253992, 3.4
2312, 127589.400, 5.442135412787336, 3.8
2312, 127589.450, 5.492145985118615, 4.2
2312, 127589.500, 5.544790606262345, 4.7
2312, 127589.550, 5.600855778153672, 5.2
2312, 127589.600, 5.658499182182188, 5.8
2312, 127589.650, 5.716449171491054, 5.9
2312, 127589.700, 5.771791754974886, 5.8
2312, 127589.750, 5.824709160298281, 5.9
2312, 127589.800, 5.874179112228765, 6.3
2312, 127589.850, 5.922020213970827, 6.5
2312, 127589.900, 5.965915036130442, 6.8
2312, 127589.950, 6.008061228224605, 7.0
2312, 127590.000, 6.047429560382611, 3.3
2312, 127590.050, 6.092342488109011, 3.6
2312, 127590.100, 6.139391749836965, 3.8
2312, 127590.150, 6.191423324707602, 4.1
2312, 127590.200, 6.252827742896679, 8.3
2312, 127590.250, 0.030785985607950338, 8.6
2312, 127590.300, 0.0946253030467944, 8.9
2312, 127590.350, 0.16244581140871808, 9.1
2312, 127590.400, 0.22819168399230147, 9.4
2312, 127590.450, 0.29607377582139105, 9.6
2312, 127590.500, 0.3654452680816455, 9.8
2312, 127590.550, 0.43638278748590026, 10.0
2312, 127590.600, 0.5040870117364677, 10.2
2312, 127590.650, 0.5697905701595622, 10.4
2312, 127590.700, 0.6325663667512185, 10.5
2312, 127590.750, 0.6933532838908496, 10.8
2312, 127590.800, 0.7594858990423397, 3.2
2312, 127590.850, 0.8274987520396062, 3.6
2312, 127590.900, 0.8977741769052492, 3.9
2312, 127590.950, 0.9598270498201689, 4.3
2312, 127591.000, 1.0162371040831044, 4.5
2312, 127591.050, 1.0759898690360306, 4.8
2312, 127591.100, 1.1393127064743287, 5.1
2312, 127591.150, 1.199776358095611, 3.9
2312, 127591.200, 1.2552129405781214, 4.1
2312, 127591.250, 1.3062238247063889, 4.5
2312, 127591.300, 1.357140250977465, 4.6
2312, 127591.350, 1.4230967831290429, 4.7
2312, 127591.400, 1.4913329812948946, 4.8
2312, 127591.450, 1.5612424773572995, 4.9
2312, 127591.500, 1.6294972918662616, 5.0
2312, 127591.550, 1.7035816563235813, 5.1
2312, 127591.600, 1.783612210799979, 5.3
2312, 127591.650, 1.8689301418980915, 5.5
2312, 127591.700, 1.9548901931703613, 5.6
2312, 127591.750, 2.0417940719978644, 5.8
2312, 127591.800, 2.1300682134385522, 6.0
2312, 127591.850, 2.217593717976752, 6.3
2312, 127591.900, 2.304871022483254, 6.5
2312, 127591.950, 2.3964470503213406, 6.8
2312, 127592.000, 2.4876086310109664, 7.0
2312, 127592.050, 2.58029023053769, 7.2
2312, 127592.100, 2.673384072794981, 7.4
2312, 127592.150, 2.769320884051005, 7.6
2312, 127592.200, 2.8645357601667434, 8.4
2312, 127592.250, 2.958398281015558, 3.4
2312, 127592.300, 3.0488703649488804, 3.6
2312, 127592.350, 3.1358878939820722, 3.8
2312, 127592.400, 3.217981897240033, 4.0
2312, 127592.450, 3.2957462181386346, 9.1
2312, 127592.500, 3.3719200192002217, 9.3
2312, 127592.550, 3.4483941555487188, 9.5
2312, 127592.600, 3.5206532905493604, 3.3
2312, 127592.650, 3.592076487338594, 3.6
2312, 127592.700, 3.6638818625923903, 3.9
2312, 127592.750, 3.735923452161942, 4.1
2312, 127592.800, 3.8062433164376053, 4.5
2312, 127592.850, 3.8734753779409834, 4.8
2312, 127592.900, 3.9373081266976104, 5.1
2312, 127592.950, 4.000537821975771, 5.4
2312, 127593.000, 4.062497075231342, 5.6
2312, 127593.050, 4.123427451128169, 5.8
2312, 127593.100, 4.181834395399868, 6.1
2312, 127593.150, 4.244090639031881, 6.4
2312, 127593.200, 4.314097428272236, 6.6
2312, 127593.250, 4.384211702048866, 6.9
2312, 127593.300, 4.452950838906779, 7.2
2312, 127593.350, 4.513884732567474, 7.5
2312, 127593.400, 4.57466199908786, 7.7
2312, 127593.450, 4.633813891287689, 8.0
2312, 127593.500, 4.685179087028889, 8.3
2312, 127593.550, 4.729786663593266, 8.6
2312, 127593.600, 4.7731672895433475, 9.0
2312, 127593.650, 4.81002443291686, 3.4
2312, 127593.700, 4.840865358462974, 3.8
2312, 127593.750, 4.861897736917244, 4.1
2312, 127593.800, 4.879954234561842, 4.3
2312, 127593.850, 4.894303148836631, 4.6
2312, 127593.900, 4.907299289963462, 4.8
2312, 127593.950, 4.9187602273834035, 5.0
2312, 127594.000, 4.9264094697300695, 5.2
2312, 127594.050, 4.934081387374787, 5.4
2312, 127594.100, 4.939505865362542, 5.6
2312, 127594.150, 4.94119285243838, 5.7
2312, 127594.200, 4.938962011974748, 5.9
2312, 127594.250, 4.935957541313556, 14.1
2312, 127594.300, 4.9250861720127865, 6.7
2312, 127594.350, 4.91585133039491, 7.1
2312, 127594.400, 4.905860969085019, 7.6
2312, 127594.450, 4.895875593633747, 8.1
2312, 127594.500, 4.886123251026443, 8.5
2312, 127594.550, 4.877015697116587, 8.9
2312, 127594.600, 4.867123604401899, 9.3
2312, 127594.650, 4.860725299941206, 9.7
2312, 127594.700, 4.857084116539047, 10.1
2312, 127594.750, 4.8512481365281985, 3.8
2312, 127594.800, 4.8449281432561095, 4.1
2312, 127594.850, 4.836068055259071, 4.4
2312, 127594.900, 4.825913016743629, 4.7
2312, 127594.950, 4.812989204422089, 3.3
2312, 127595.000, 4.80329845661899, 3.6
2312, 127595.050, 4.7906713337633775, 3.8
2312, 127595.100, 4.775599456132242, 4.1
2312, 127595.150, 4.758071461459353, 4.4
2312, 127595.200, 4.737261898585267, 4.7
2312, 127595.250, 4.71238898038469, 4.9
2312, 127595.300, 4.685634248361815, 5.2
2312, 127595.350, 4.661820447605217, 5.4
2312, 127595.400, 4.639117711294912, 5.6
2312, 127595.450, 4.617708037635352, 5.9
2312, 127595.500, 4.597229128976215, 3.0
2312, 127595.550, 4.583225463663531, 3.1
2312, 127595.600, 4.571903472387762, 3.4
2312, 127595.650, 4.571251330044515, 3.6
2312, 127595.700, 4.57723431492591, 3.7
2312, 127595.750, 4.589956200185279, 3.8
2312, 127595.800, 4.609159823842886, 3.9
2312, 127595.850, 4.631729810664037, 3.9
2312, 127595.900, 4.656590078307973, 4.0
2312, 127595.950, 4.680338461297656, 4.0
2312, 127596.000, 4.708559728530468, 4.0
2312, 127596.050, 4.742064866989968, 3.9
2312, 127596.100, 4.77555176973244, 3.9
2312, 127596.150, 4.817011565107615, 3.9
2312, 127596.200, 4.859249671481845, 3.9
2312, 127596.250, 4.902930686896084, 3.9
2312, 127596.300, 4.941945268258357, 3.8
2312, 127596.350, 4.979439113963139, 3.8
2312, 127596.400, 5.022754992319772, 4.0
2312, 127596.450, 5.066070718891012, 4.1
2312, 127596.500, 5.108064493865671, 4.1
2312, 127596.550, 5.145100689623661, 4.2
2312, 127596.600, 5.170719037412593, 3.2
2312, 127596.650, 5.202696937760094, 3.7
2312, 127596.700, 5.232145264827533, 4.1
2312, 127596.750, 5.2684198667539865, 4.5
2312, 127596.800, 5.294654687711704, 4.7
2312, 127596.850, 5.307798855863423, 5.0
2312, 127596.900, 5.308288754407911, 5.1
2312, 127596.950, 5.3073125982345495, 5.2
2312, 127597.000, 5.307125488880376, 5.2
2312, 127597.050, 5.310506277897436, 5.3
2312, 127597.100, 5.319276282254885, 5.4
2312, 127597.150, 5.32116192992398, 5.5
2312, 127597.200, 5.316770355467681, 5.5
2312, 127597.250, 5.311355402213845, 5.6
2312, 127597.300, 5.294348287435737, 5.7
2312, 127597.350, 5.267247848722695, 5.8
2312, 127597.400, 5.23815644489291, 5.9
2312, 127597.450, 5.213840945066003, 6.0
2312, 127597.500, 5.193828143430211, 6.1
2312, 127597.550, 5.16754759138411, 3.2
2312, 127597.600, 5.147680076149539, 3.4
2312, 127597.650, 5.126080561799807, 3.6
2312, 127597.700, 5.113581785940362, 3.8
2312, 127597.750, 5.102960503889161, 4.3
2312, 127597.800, 5.094731453114138, 4.6
2312, 127597.850, 5.089014662262411, 4.8
2312, 127597.900, 5.0929376202445305, 4.8
2312, 127597.950, 5.092590432975326, 3.3
2312, 127598.000, 5.103288746982511, 3.4
2312, 127598.050, 5.116785377030384, 3.4
2312, 127598.100, 5.145993246823757, 3.5
2312, 127598.150, 5.1729197741875295, 3.5
2312, 127598.200, 5.205634313426519, 3.4
2312, 127598.250, 5.245064347149146, 3.9
2312, 127598.300, 5.270146799641295, 4.0
2312, 127598.350, 5.312320170194459, 4.3
2312, 127598.400, 5.338416897508141, 7.0
2312, 127598.450, 5.334083925068631, 3.7
2312, 127598.500, 5.318504016181603, 4.1
2312, 127598.550, 5.29696433154772, 4.5
2312, 127598.600, 5.278754152909321, 5.0
2312, 127598.650, 5.263452779498461, 5.3
2312, 127598.700, 5.245573637872006, 5.6
2312, 127598.750, 5.220202254397336, 6.1
2312, 127598.800, 5.206273590246532, 6.6
2312, 127598.850, 5.186181880308241, 7.0
2312, 127598.900, 5.165328965564861, 7.3
2312, 127598.950, 5.136095206072529, 7.7
2312, 127599.000, 5.107062316903049, 8.3
2312, 127599.050, 5.078570401684969, 8.9
2312, 127599.100, 5.051735656065478, 9.3
2312, 127599.150, 5.023291311555877, 9.6
2312, 127599.200, 5.0012778568206695, 3.8
2312, 127599.250, 4.990917524714255, 4.0
2312, 127599.300, 4.983109730253565, 4.2
2312, 127599.350, 4.974029563603265, 4.4
2312, 127599.400, 4.971433431013624, 4.6
2312, 127599.450, 4.975041321866081, 4.8
2312, 127599.500, 4.98188294077914, 4.9
2312, 127599.550, 4.989872252455244, 5.1
2312, 127599.600, 4.993714066232637, 5.3
2312, 127599.650, 4.992983766671459, 5.5
2312, 127599.700, 4.991117526150006, 5.7
2312, 127599.750, 4.989222645156691, 5.8
2312, 127599.800, 4.982630139439104, 6.0
2312, 127599.850, 4.973171160228121, 6.2
2312, 127599.900, 4.961185238479882, 6.3
2312, 127599.950, 4.9416339120693795, 6.5
2312, 127600.000, 4.914761604453814, 6.7
2312, 127600.050, 4.882109248030404, 6.9
2312, 127600.100, 4.852785241577356, 7.1
2312, 127600.150, 4.829558702420304, 7.3
2312, 127600.200, 4.81101531513783, 7.5
2312, 127600.250, 4.765755714944177, 7.7
2312, 127600.300, 4.7287140605861655, 7.9
2312, 127600.350, 4.706773982725208, 8.1
2312, 127600.400, 4.693747949806157, 8.4
2312, 127600.450, 4.686522061154516, 8.6
2312, 127600.500, 4.68297372462473, 8.7
2312, 127600.550, 4.690255730860945, 8.9
2312, 127600.600, 4.702119125081036, 9.0
2312, 127600.650, 4.719951943934604, 9.2
2312, 127600.700, 4.735793489141045, 9.3
2312, 127600.750, 4.752946160526433, 9.4
2312, 127600.800, 4.77046424269138, 9.6
2312, 127600.850, 4.785800097335358, 9.7
2312, 127600.900, 4.796635619818931, 9.9
2312, 127600.950, 4.8439354634068685, 4.4
2312, 127601.000, 4.852072055139111, 5.2
2312, 127601.050, 4.855011484970408, 7.5
2312, 127601.100, 4.861665974807527, 3.6
2312, 127601.150, 4.870985393944538, 4.0
2312, 127601.200, 4.884456429990849, 4.4
2312, 127601.250, 4.901588002484658, 3.1
2312, 127601.300, 4.914958529812436, 3.6
2312, 127601.350, 4.926625242869433, 3.8
2312, 127601.400, 4.935314190738345, 4.1
2312, 127601.450, 4.936775032289534, 4.3
2312, 127601.500, 4.9303382607809185, 4.5
2312, 127601.550, 4.920842260482187, 4.7
2312, 127601.600, 4.910690900504607, 5.7
2312, 127601.650, 4.901572851371242, 5.9
2312, 127601.700, 4.891853072097163, 6.1
2312, 127601.750, 4.88548445091096, 6.3
2312, 127601.800, 4.878844041823994, 6.4
2312, 127601.850, 4.870377911582827, 6.6
2312, 127601.900, 4.858473484504256, 6.9
2312, 127601.950, 4.849555873892561, 7.1
2312, 127602.000, 4.847138539462172, 7.4
2312, 127602.050, 4.850659874338706, 8.4
2312, 127602.100, 4.865523574934986, 8.7
2312, 127602.150, 4.884270897483282, 9.0
2312, 127602.200, 4.900769916219487, 9.3
2312, 127602.250, 4.912021350126989, 9.6
2312, 127602.300, 4.923597756683867, 9.9
2312, 127602.350, 4.930332792037207, 10.1
2312, 127602.400, 4.931355161957795, 10.4
2312, 127602.450, 4.928343893939011, 10.5
2312, 127602.500, 4.92237707497012, 10.6
2312, 127602.550, 4.916711269170586, 10.7
2312, 127602.600, 4.908766737968308, 10.8
2312, 127602.650, 4.901504338297689, 10.9
2312, 127602.700, 4.894418178958153, 11.0
2312, 127602.750, 4.887877912701644, 12.4
2312, 127602.800, 4.876170812268874, 4.1
2312, 127602.850, 4.877552877109576, 4.7
2312, 127602.900, 4.879855539492432, 5.2
2312, 127602.950, 4.875486598408907, 3.5
2312, 127603.000, 4.875882486897022, 3.7
2312, 127603.050, 4.875237260053581, 3.9
2312, 127603.100, 4.87453088626337, 4.1
2312, 127603.150, 4.873226413836139, 4.4
2312, 127603.200, 4.8716895917260725, 4.6
2312, 127603.250, 4.869801462036286, 4.8
2312, 127603.300, 4.866465732835154, 5.0
2312, 127603.350, 4.86325576681452, 5.2
2312, 127603.400, 4.860220644196058, 3.3
2312, 127603.450, 4.8562139852728485, 3.5
2312, 127603.500, 4.852517946896201, 3.7
2312, 127603.550, 4.849120982229762, 3.9
2312, 127603.600, 4.84774484713988, 4.1
2312, 127603.650, 4.848343740607575, 4.2
2312, 127603.700, 4.847452129023358, 4.4
2312, 127603.750, 4.846162758180277, 4.6
2312, 127603.800, 4.846070643086586, 4.8
2312, 127603.850, 4.845819014946502, 5.0
2312, 127603.900, 4.846003289878124, 5.1
2312, 127603.950, 4.845880881914077, 5.3
2312, 127604.000, 4.84694464121341, 5.5
2312, 127604.050, 4.847229063451316, 5.6
2312, 127604.100, 4.848789774316418, 5.8
2312, 127604.150, 4.8500638671767025, 5.9
2312, 127604.200, 4.850972821931863, 6.1
2312, 127604.250, 4.850970633766444, 6.3
2312, 127604.300, 4.851734851510989, 6.5
2312, 127604.350, 4.853320567301371, 6.6
2312, 127604.400, 4.854087635414709, 6.8
2312, 127604.450, 4.855145311662821, 7.0
2312, 127604.500, 4.8566388474184246, 7.2
2312, 127604.550, 4.858077748991706, 7.4
2312, 127604.600, 4.85905022894613, 7.6
2312, 127604.650, 4.860038102212928, 7.7
2312, 127604.700, 4.861449595348017, 7.9
2312, 127604.750, 4.863115507119514, 8.1
2312, 127604.800, 4.863859859342159, 8.1
2312, 127604.850, 4.863470500528555, 8.3
2312, 127604.900, 4.862763201430455, 8.5
2312, 127604.950, 4.862020658255288, 8.7
2312, 127605.000, 4.862802236678318, 8.8
2312, 127605.050, 4.864465607601715, 9.0
2312, 127605.100, 4.866332060576705, 9.1
2312, 127605.150, 4.867928004488989, 12.9
2312, 127605.200, 4.869063284396346, 13.1
2312, 127605.250, 4.869034305612575, 13.3
2312, 127605.300, 4.870651744801339, 13.5
2312, 127605.350, 4.87202710451086, 13.6
2312, 127605.400, 4.873436258258669, 13.8
2312, 127605.450, 4.873576920482571, 13.9
2312, 127605.500, 4.873225894898708, 14.0
2312, 127605.550, 4.873774726138937, 14.1
2312, 127605.600, 4.874735734235907, 14.2
2312, 127605.650, 4.875390561966684, 14.4
2312, 127605.700, 4.875786266089997, 14.5
2312, 127605.750, 4.8768525804166165, 14.5
2312, 127605.800, 4.877096015527835, 14.6
2312, 127605.850, 4.877705223224431, 14.7
2312, 127605.900, 4.87747667103352, 14.8
2312, 127605.950, 4.8779954493805935, 14.9
2312, 127606.000, 4.8786823284735, 15.0
2312, 127606.050, 4.878483327265135, 15.1
2312, 127606.100, 4.877918546317676, 15.1
2312, 127606.150, 4.878253553613164, 15.2
2312, 127606.200, 4.878893145173356, 15.2
2312, 127606.250, 4.8788324808273345, 15.3
2312, 127606.300, 4.8792893429583835, 15.3
2312, 127606.350, 4.880174887009051, 4.0
2312, 127606.400, 4.879977942129618, 4.1
2312, 127606.450, 4.879261478400844, 4.2
2312, 127606.500, 4.8787878477258095, 4.3
2312, 127606.550, 4.877842745121099, 4.4
2312, 127606.600, 4.876836235246198, 4.5
2312, 127606.650, 4.876699217799438, 4.5
2312, 127606.700, 4.876029432251885, 4.6
2312, 127606.750, 4.875224080289774, 4.7
2312, 127606.800, 4.875116355025071, 4.8
2312, 127606.850, 4.875312933465528, 4.9
2312, 127606.900, 4.874993521669609, 5.0
2312, 127606.950, 4.875116355025071, 5.1
2312, 127607.000, 4.87491707081293, 5.2
2312, 127607.050, 4.8747507073674585, 5.3
2312, 127607.100, 4.8747507073674585, 5.4
2312, 127607.150, 4.87514502619811, 5.5
2312, 127607.200, 4.875099975992418, 5.5
2312, 127607.250, 4.874474716887869, 5.6
2312, 127607.300, 4.874106851827905, 5.7
2312, 127607.350, 4.874332980769259, 5.8
2312, 127607.400, 4.874711209701345, 5.9
2312, 127607.450, 4.87527521822061, 5.9
2312, 127607.500, 4.875458722275905, 6.0
2312, 127607.550, 4.874727818513979, 6.1
2312, 127607.600, 4.873766222678808, 6.1
2312, 127607.650, 4.873674550785495, 6.2
2312, 127607.700, 4.873736381531094, 6.3
2312, 127607.750, 4.873352495352336, 6.4
2312, 127607.800, 4.8736126955177035, 6.4
2312, 127607.850, 4.873977431417504, 6.5
2312, 127607.900, 4.874069163319976, 6.6
2312, 127607.950, 4.873947530076392, 6.7
2312, 127608.000, 4.873580640577913, 6.7
2312, 127608.050, 4.873141813349921, 6.8
2312, 127608.100, 4.873126954128804, 6.9
2312, 127608.150, 4.873815212064964, 6.9
2312, 127608.200, 4.8735404252934345, 7.0
2312, 127608.250, 4.873300136672235, 7.1
2312, 127608.300, 4.872325720476246, 7.1
2312, 127608.350, 4.871992231013731, 7.2
2312, 127608.400, 4.872086792894258, 7.2
2312, 127608.450, 4.871936498719062, 7.3
2312, 127608.500, 4.87135869647129, 7.4
2312, 127608.550, 4.870704189857744, 7.4
2312, 127608.600, 4.870400791421433, 7.5
2312, 127608.650, 4.86991037741643, 7.6
2312, 127608.700, 4.8702825723166026, 7.6
2312, 127608.750, 4.871539286589572, 7.7
2312, 127608.800, 4.871348956075888, 7.8
2312, 127608.850, 4.871525706183384, 7.9
2312, 127608.900, 4.871014812845605, 7.9
2312, 127608.950, 4.87115457035449, 8.0
2312, 127609.000, 4.8709043829469, 8.1
2312, 127609.050, 4.871729115964929, 8.1
2312, 127609.100, 4.871493859629191, 8.2
2312, 127609.150, 4.871283619743931, 8.3
2312, 127609.200, 4.870874969966535, 8.3
2312, 127609.250, 4.870889675103622, 8.4
2312, 127609.300, 4.8708602675348995, 8.4
2312, 127609.350, 4.87109570994257, 8.5
2312, 127609.400, 4.870610739414937, 3.2
2312, 127609.450, 4.870606818183356, 3.3
2312, 127609.500, 4.870974405805455, 3.5
2312, 127609.550, 4.871445119329657, 3.6
2312, 127609.600, 4.871750472728887, 3.7
2312, 127609.650, 4.870433634245595, 3.9
2312, 127609.700, 4.870176522356629, 4.0
2312, 127609.750, 4.870738895699166, 4.2
2312, 127609.800, 4.8713384413306455, 4.3
2312, 127609.850, 4.871628990511152, 4.4
2312, 127609.900, 4.870584284698875, 4.5
2312, 127609.950, 4.870304178346375, 4.7
2312, 127610.000, 4.870264334920208, 4.8
2312, 127610.050, 4.870525600943816, 5.0
2312, 127610.100, 4.871029526354926, 5.1
2312, 127610.150, 4.872041104515718, 5.3
2312, 127610.200, 4.873099385474992, 7.1
2312, 127610.250, 4.872849927969906, 7.3
2312, 127610.300, 4.875843501185777, 17.7
2312, 127610.350, 4.875768319993985, 17.7
2312, 127610.400, 4.874431743466631, 17.9
2312, 127610.450, 4.873525874470822, 18.0
2312, 127610.500, 4.874034399336686, 18.2
2312, 127610.550, 4.8742978951507405, 18.3
2312, 127610.600, 4.874545951474834, 18.5
2312, 127610.650, 4.874527469078361, 18.7
2312, 127610.700, 4.873785560998309, 3.6
2312, 127610.750, 4.873693238103972, 3.9
2312, 127610.800, 4.871051627822744, 4.2
2312, 127610.850, 4.871491484610117, 4.5
2312, 127610.900, 4.871663312045207, 4.9
2312, 127610.950, 4.8714165063230475, 5.1
2312, 127611.000, 4.872076249163391, 5.5
2312, 127611.050, 4.872242641672903, 5.8
2312, 127611.100, 4.872272367126513, 6.1
2312, 127611.150, 4.872305076044299, 6.4
2312, 127611.200, 4.872539692485801, 6.6
2312, 127611.250, 4.872872825444227, 6.9
2312, 127611.300, 4.872733249502225, 7.2
2312, 127611.350, 4.873009745964215, 7.5
2312, 127611.400, 4.874634752288273, 7.8
2312, 127611.450, 4.875755128492965, 8.0
2312, 127611.500, 4.876677257925591, 8.3
2312, 127611.550, 4.876693024494329, 8.5
2312, 127611.600, 4.876111212764685, 8.8
2312, 127611.650, 4.875040879702214, 9.0
2312, 127611.700, 4.874095198937473, 9.2
2312, 127611.750, 4.872447204031383, 9.4
2312, 127611.800, 4.871000205873871, 9.7
2312, 127611.850, 4.869801488033648, 9.8
2312, 127611.900, 4.869628218219832, 10.0
2312, 127611.950, 4.868619004251344, 10.2
2312, 127612.000, 4.867586370686849, 10.4
2312, 127612.050, 4.86691567092421, 10.5
2312, 127612.100, 4.867480306367781, 10.7
2312, 127612.150, 4.869309463982942, 10.9
2312, 127612.200, 4.870791213562497, 11.1
2312, 127612.250, 4.8719059351625, 11.2
2312, 127612.300, 4.872313938702801, 11.4
2312, 127612.350, 4.872186599665158, 11.6
2312, 127612.400, 4.872858935938027, 11.8
2312, 127612.450, 4.873179020834558, 11.9
2312, 127612.500, 4.872444323235822, 12.1
2312, 127612.550, 4.872734708926453, 12.2
2312, 127612.600, 4.872456276286318, 12.3
2312, 127612.650, 4.872379198143762, 12.5
2312, 127612.700, 4.872711662264979, 12.6
2312, 127612.750, 4.872388199108775, 12.7
2312, 127612.800, 4.871883585477568, 12.8
2312, 127612.850, 4.872328813023878, 12.9
2312, 127612.900, 4.873310777802399, 13.0
2312, 127612.950, 4.873937354688822, 13.1
2312, 127613.000, 4.874040364064737, 13.3
2312, 127613.050, 4.873719126487809, 13.4
2312, 127613.100, 4.8727887734947535, 13.5
2312, 127613.150, 4.872577882165743, 13.6
2312, 127613.200, 4.871981904318773, 13.7
2312, 127613.250, 4.872485958686706, 13.8
2312, 127613.300, 4.87357391864845, 13.9
2312, 127613.350, 4.872970782063283, 13.9
2312, 127613.400, 4.872683549292578, 14.1
2312, 127613.450, 4.871902753174107, 14.2
2312, 127613.500, 4.871591443162833, 14.3
2312, 127613.550, 4.872417570487762, 14.4
2312, 127613.600, 4.8727104672835475, 14.4
2312, 127613.650, 4.872713194092764, 14.6
2312, 127613.700, 4.873196372284048, 14.7
2312, 127613.750, 4.872055911369675, 14.8
2312, 127613.800, 4.871684753714534, 14.9
2312, 127613.850, 4.8718096067424215, 14.9
2312, 127613.900, 4.872471116122359, 15.0
2312, 127613.950, 4.872731989166844, 15.1
2312, 127614.000, 4.872898279050434, 15.2
2312, 127614.050, 4.872883395369008, 15.3
2312, 127614.100, 4.872551007176503, 15.3
2312, 127614.150, 4.872248804636771, 15.4
2312, 127614.200, 4.872153965052279, 15.5
2312, 127614.250, 4.87194070131795, 15.6
2312, 127614.300, 4.872213187781935, 15.6
2312, 127614.350, 4.87217750330266, 15.7
2312, 127614.400, 4.872129986505022, 15.7
2312, 127614.450, 4.872791463628411, 15.8
2312, 127614.500, 4.8734521756564195, 15.9
2312, 127614.550, 4.874129031705032, 15.9
2312, 127614.600, 4.874999941387396, 16.0
2312, 127614.650, 4.874798274051282, 16.1
2312, 127614.700, 4.874370739084252, 16.2
2312, 127614.750, 4.8746145397571645, 16.2
2312, 127614.800, 4.875119097734264, 16.3
2312, 127614.850, 4.875471481793145, 16.3
2312, 127614.900, 4.875394727403339, 16.4
2312, 127614.950, 4.875226071818157, 16.5
2312, 127615.000, 4.874841916259251, 16.5
2312, 127615.050, 4.874181348563024, 16.6
2312, 127615.100, 4.873198990924184, 16.6
2312, 127615.150, 4.872589933092385, 16.6
2312, 127615.200, 4.872088620933125, 16.6
2312, 127615.250, 4.8716323350984725, 16.7
2312, 127615.300, 4.871022195257559, 16.7
2312, 127615.350, 4.870170238901014, 16.8
2312, 127615.400, 4.869483791930789, 16.8
2312, 127615.450, 4.870005447800285, 16.8
2312, 127615.500, 4.869836451618063, 16.8
2312, 127615.550, 4.869561054361147, 16.9
2312, 127615.600, 4.869015006706216, 16.9
2312, 127615.650, 4.868575655196752, 16.9
2312, 127615.700, 4.868169283996558, 17.0
2312, 127615.750, 4.868783106824953, 17.0
2312, 127615.800, 4.869063284396346, 17.0
2312, 127615.850, 4.869401178117977, 17.0
2312, 127615.900, 4.869984816084404, 16.9
2312, 127615.950, 4.871282494894125, 16.9
2312, 127616.000, 4.871649001400148, 16.9
2312, 127616.050, 4.872884328759883, 16.8
2312, 127616.100, 4.8732780765445955, 16.8
2312, 127616.150, 4.874054203087764, 16.8
2312, 127616.200, 4.874604487684486, 16.7
2312, 127616.250, 4.874497782037075, 16.7
2312, 127616.300, 4.8743443425524795, 16.7
2312, 127616.350, 4.873320336674314, 16.7
2312, 127616.400, 4.872376058631328, 16.7
2312, 127616.450, 4.872192646774332, 16.6
2312, 127616.500, 4.872160051363363, 16.6
2312, 127616.550, 4.871352453069108, 16.6
2312, 127616.600, 4.870959909772065, 16.6
2312, 127616.650, 4.870666382962091, 16.6
2312, 127616.700, 4.870063818328348, 16.5
2312, 127616.750, 4.869846677947922, 16.5
2312, 127616.800, 4.869048897356192, 16.5
2312, 127616.850, 4.869368204885877, 16.5
2312, 127616.900, 4.869411861072796, 16.5
2312, 127616.950, 4.869848211757532, 16.5
